/***************POPULATE USER TABLE***************/
INSERT INTO user VALUES ('USR0', 'barrylozano');
INSERT INTO user VALUES ('USR1', 'ryan86');
INSERT INTO user VALUES ('USR2', 'juanbrown');
INSERT INTO user VALUES ('USR3', 'michael91');
INSERT INTO user VALUES ('USR4', 'hli');
INSERT INTO user VALUES ('USR5', 'roseanita');
INSERT INTO user VALUES ('USR6', 'tjohnson');
INSERT INTO user VALUES ('USR7', 'alexanderjames');
INSERT INTO user VALUES ('USR8', 'kimberlyquinn');
INSERT INTO user VALUES ('USR9', 'andrea19');
INSERT INTO user VALUES ('USR10', 'greenjacqueline');
INSERT INTO user VALUES ('USR11', 'jonathan62');
INSERT INTO user VALUES ('USR12', 'emily02');
INSERT INTO user VALUES ('USR13', 'rossjohn');
INSERT INTO user VALUES ('USR14', 'petermeza');
INSERT INTO user VALUES ('USR15', 'charlessmith');
INSERT INTO user VALUES ('USR16', 'christina35');
INSERT INTO user VALUES ('USR17', 'sherrymcguire');
INSERT INTO user VALUES ('USR18', 'gwalker');
INSERT INTO user VALUES ('USR19', 'umyers');
INSERT INTO user VALUES ('USR20', 'dakota76');
INSERT INTO user VALUES ('USR21', 'mark52');
INSERT INTO user VALUES ('USR22', 'kathymcbride');
INSERT INTO user VALUES ('USR23', 'jessicamartin');
INSERT INTO user VALUES ('USR24', 'vanessamendoza');
INSERT INTO user VALUES ('USR25', 'arthurcarrillo');
INSERT INTO user VALUES ('USR26', 'castrodylan');
INSERT INTO user VALUES ('USR27', 'jonathangarcia');
INSERT INTO user VALUES ('USR28', 'danawatson');
INSERT INTO user VALUES ('USR29', 'stacey57');
INSERT INTO user VALUES ('USR30', 'vanessa04');
INSERT INTO user VALUES ('USR31', 'wrightjennifer');
INSERT INTO user VALUES ('USR32', 'owilliams');
INSERT INTO user VALUES ('USR33', 'nsimmons');
INSERT INTO user VALUES ('USR34', 'donna14');
INSERT INTO user VALUES ('USR35', 'anncastro');
INSERT INTO user VALUES ('USR36', 'xhatfield');
INSERT INTO user VALUES ('USR37', 'kcross');
INSERT INTO user VALUES ('USR38', 'brewermichael');
INSERT INTO user VALUES ('USR39', 'yjohnson');
INSERT INTO user VALUES ('USR40', 'michelle11');
INSERT INTO user VALUES ('USR41', 'vwatts');
INSERT INTO user VALUES ('USR42', 'clarence17');
INSERT INTO user VALUES ('USR43', 'molly73');
INSERT INTO user VALUES ('USR44', 'zhall');
INSERT INTO user VALUES ('USR45', 'gbrock');
INSERT INTO user VALUES ('USR46', 'anne55');
INSERT INTO user VALUES ('USR47', 'bgriffin');
INSERT INTO user VALUES ('USR48', 'tcook');
INSERT INTO user VALUES ('USR49', 'vegarichard');
INSERT INTO user VALUES ('USR50', 'james82');
INSERT INTO user VALUES ('USR51', 'hford');
INSERT INTO user VALUES ('USR52', 'matthew48');
INSERT INTO user VALUES ('USR53', 'robinsonashley');
INSERT INTO user VALUES ('USR54', 'juanmartin');
INSERT INTO user VALUES ('USR55', 'adam76');
INSERT INTO user VALUES ('USR56', 'ejohnson');
INSERT INTO user VALUES ('USR57', 'colemanjason');
INSERT INTO user VALUES ('USR58', 'daniellewatson');
INSERT INTO user VALUES ('USR59', 'mwhite');
INSERT INTO user VALUES ('USR60', 'kenneth35');
INSERT INTO user VALUES ('USR61', 'riosjonathan');
INSERT INTO user VALUES ('USR62', 'welchkevin');
INSERT INTO user VALUES ('USR63', 'elarsen');
INSERT INTO user VALUES ('USR64', 'laurendunn');
INSERT INTO user VALUES ('USR65', 'mjones');
INSERT INTO user VALUES ('USR66', 'benjamin07');
INSERT INTO user VALUES ('USR67', 'michael41');
INSERT INTO user VALUES ('USR68', 'jean98');
INSERT INTO user VALUES ('USR69', 'parkeraudrey');
INSERT INTO user VALUES ('USR70', 'brent11');
INSERT INTO user VALUES ('USR71', 'hardyamanda');
INSERT INTO user VALUES ('USR72', 'kelli89');
INSERT INTO user VALUES ('USR73', 'davidreyes');
INSERT INTO user VALUES ('USR74', 'kimberlywilliamson');
INSERT INTO user VALUES ('USR75', 'johnny49');
INSERT INTO user VALUES ('USR76', 'vasquezcarl');
INSERT INTO user VALUES ('USR77', 'erica62');
INSERT INTO user VALUES ('USR78', 'sadams');
INSERT INTO user VALUES ('USR79', 'xarnold');
INSERT INTO user VALUES ('USR80', 'theresa52');
INSERT INTO user VALUES ('USR81', 'ebaldwin');
INSERT INTO user VALUES ('USR82', 'nathangilbert');
INSERT INTO user VALUES ('USR83', 'brandonyoung');
INSERT INTO user VALUES ('USR84', 'joseph69');
INSERT INTO user VALUES ('USR85', 'steven47');
INSERT INTO user VALUES ('USR86', 'kevinwright');
INSERT INTO user VALUES ('USR87', 'kimberlyjones');
INSERT INTO user VALUES ('USR88', 'blackdylan');
INSERT INTO user VALUES ('USR89', 'tmoore');
INSERT INTO user VALUES ('USR90', 'foxcynthia');
INSERT INTO user VALUES ('USR91', 'richard86');
INSERT INTO user VALUES ('USR92', 'susan40');
INSERT INTO user VALUES ('USR93', 'oballard');
INSERT INTO user VALUES ('USR94', 'rsmith');
INSERT INTO user VALUES ('USR95', 'qgillespie');
INSERT INTO user VALUES ('USR96', 'rhaney');
INSERT INTO user VALUES ('USR97', 'kimberly04');
INSERT INTO user VALUES ('USR98', 'jamiegarcia');
INSERT INTO user VALUES ('USR99', 'fhuerta');
INSERT INTO user VALUES ('USR100', 'onealjames');
INSERT INTO user VALUES ('USR101', 'jamiehenderson');
INSERT INTO user VALUES ('USR102', 'tiffany90');
INSERT INTO user VALUES ('USR103', 'tyrone12');
INSERT INTO user VALUES ('USR104', 'harrisalexandria');
INSERT INTO user VALUES ('USR105', 'gilmoretyler');
INSERT INTO user VALUES ('USR106', 'wiserobert');
INSERT INTO user VALUES ('USR107', 'rharrington');
INSERT INTO user VALUES ('USR108', 'osanders');
INSERT INTO user VALUES ('USR109', 'jhaas');
INSERT INTO user VALUES ('USR110', 'gregory34');
INSERT INTO user VALUES ('USR111', 'dawndonovan');
INSERT INTO user VALUES ('USR112', 'christinagomez');
INSERT INTO user VALUES ('USR113', 'brookeroman');
INSERT INTO user VALUES ('USR114', 'anthony54');
INSERT INTO user VALUES ('USR115', 'gwood');
INSERT INTO user VALUES ('USR116', 'christina28');
INSERT INTO user VALUES ('USR117', 'jennifer62');
INSERT INTO user VALUES ('USR118', 'andersoncraig');
INSERT INTO user VALUES ('USR119', 'pgarrison');
INSERT INTO user VALUES ('USR120', 'heatherbuckley');
INSERT INTO user VALUES ('USR121', 'hhunt');
INSERT INTO user VALUES ('USR122', 'stefanie28');
INSERT INTO user VALUES ('USR123', 'qellis');
INSERT INTO user VALUES ('USR124', 'daniel31');
INSERT INTO user VALUES ('USR125', 'sanderschristy');
INSERT INTO user VALUES ('USR126', 'alvarezjason');
INSERT INTO user VALUES ('USR127', 'wwhite');
INSERT INTO user VALUES ('USR128', 'diazsamantha');
INSERT INTO user VALUES ('USR129', 'carpentergail');
INSERT INTO user VALUES ('USR130', 'robinsonrhonda');
INSERT INTO user VALUES ('USR131', 'ereyes');
INSERT INTO user VALUES ('USR132', 'jamesford');
INSERT INTO user VALUES ('USR133', 'melissablackwell');
INSERT INTO user VALUES ('USR134', 'jwu');
INSERT INTO user VALUES ('USR135', 'alanlandry');
INSERT INTO user VALUES ('USR136', 'jonathan55');
INSERT INTO user VALUES ('USR137', 'jennifercraig');
INSERT INTO user VALUES ('USR138', 'cassandrabarajas');
INSERT INTO user VALUES ('USR139', 'rdavis');
INSERT INTO user VALUES ('USR140', 'hawkinsryan');
INSERT INTO user VALUES ('USR141', 'jennifer55');
INSERT INTO user VALUES ('USR142', 'christine46');
INSERT INTO user VALUES ('USR143', 'kathrynadams');
INSERT INTO user VALUES ('USR144', 'amy19');
INSERT INTO user VALUES ('USR145', 'williamwilliams');
INSERT INTO user VALUES ('USR146', 'amandaharris');
INSERT INTO user VALUES ('USR147', 'haleyhodges');
INSERT INTO user VALUES ('USR148', 'mary41');
INSERT INTO user VALUES ('USR149', 'xgomez');
INSERT INTO user VALUES ('USR150', 'daniel61');
INSERT INTO user VALUES ('USR151', 'doughertymatthew');
INSERT INTO user VALUES ('USR152', 'glenn78');
INSERT INTO user VALUES ('USR153', 'jason02');
INSERT INTO user VALUES ('USR154', 'zacharymaldonado');
INSERT INTO user VALUES ('USR155', 'mariah56');
INSERT INTO user VALUES ('USR156', 'destinymann');
INSERT INTO user VALUES ('USR157', 'gomezgregory');
INSERT INTO user VALUES ('USR158', 'annjefferson');
INSERT INTO user VALUES ('USR159', 'teresalevy');
INSERT INTO user VALUES ('USR160', 'zcooper');
INSERT INTO user VALUES ('USR161', 'garciatimothy');
INSERT INTO user VALUES ('USR162', 'ipena');
INSERT INTO user VALUES ('USR163', 'mgarcia');
INSERT INTO user VALUES ('USR164', 'meadowsjulia');
INSERT INTO user VALUES ('USR165', 'michaelmorris');
INSERT INTO user VALUES ('USR166', 'jennifer06');
INSERT INTO user VALUES ('USR167', 'qcampbell');
INSERT INTO user VALUES ('USR168', 'aaron02');
INSERT INTO user VALUES ('USR169', 'greendarlene');
INSERT INTO user VALUES ('USR170', 'matthewbarr');
INSERT INTO user VALUES ('USR171', 'john11');
INSERT INTO user VALUES ('USR172', 'alex01');
INSERT INTO user VALUES ('USR173', 'smithwilliam');
INSERT INTO user VALUES ('USR174', 'sjones');
INSERT INTO user VALUES ('USR175', 'daniel53');
INSERT INTO user VALUES ('USR176', 'grahampatricia');
INSERT INTO user VALUES ('USR177', 'joseph89');
INSERT INTO user VALUES ('USR178', 'rdonaldson');
INSERT INTO user VALUES ('USR179', 'krichard');
INSERT INTO user VALUES ('USR180', 'flemingkatherine');
INSERT INTO user VALUES ('USR181', 'lopezkeith');
INSERT INTO user VALUES ('USR182', 'christopherbutler');
INSERT INTO user VALUES ('USR183', 'daniel39');
INSERT INTO user VALUES ('USR184', 'tsimmons');
INSERT INTO user VALUES ('USR185', 'melissawaller');
INSERT INTO user VALUES ('USR186', 'jjohnson');
INSERT INTO user VALUES ('USR187', 'ryan87');
INSERT INTO user VALUES ('USR188', 'rmartin');
INSERT INTO user VALUES ('USR189', 'greenstanley');
INSERT INTO user VALUES ('USR190', 'sbryant');
INSERT INTO user VALUES ('USR191', 'williamwheeler');
INSERT INTO user VALUES ('USR192', 'coxpeter');
INSERT INTO user VALUES ('USR193', 'coreyparker');
INSERT INTO user VALUES ('USR194', 'melissa64');
INSERT INTO user VALUES ('USR195', 'johnbrown');
INSERT INTO user VALUES ('USR196', 'lisajohnson');
INSERT INTO user VALUES ('USR197', 'johndavis');
INSERT INTO user VALUES ('USR198', 'hodgesheather');
INSERT INTO user VALUES ('USR199', 'ogarcia');

/***************POPULATE VISITS AND LEAVES TABLES***************/
INSERT INTO visits VALUES ('USR185', 'LOC0', '2021-03-10 16:42:48');
INSERT INTO leaves VALUES ('USR185', 'LOC0', '2021-03-10 17:30:48');

INSERT INTO visits VALUES ('USR100', 'LOC3', '2021-03-12 13:29:06');
INSERT INTO leaves VALUES ('USR100', 'LOC3', '2021-03-12 13:41:06');

INSERT INTO visits VALUES ('USR134', 'LOC1', '2021-03-08 17:35:07');
INSERT INTO leaves VALUES ('USR134', 'LOC1', '2021-03-08 17:53:07');

INSERT INTO visits VALUES ('USR32', 'LOC0', '2021-03-08 07:04:49');
INSERT INTO leaves VALUES ('USR32', 'LOC0', '2021-03-08 08:35:49');

INSERT INTO visits VALUES ('USR11', 'LOC1', '2021-03-07 22:53:14');
INSERT INTO leaves VALUES ('USR11', 'LOC1', '2021-03-07 00:59:14');

INSERT INTO visits VALUES ('USR78', 'LOC1', '2021-03-15 14:59:22');
INSERT INTO leaves VALUES ('USR78', 'LOC1', '2021-03-15 15:40:22');

INSERT INTO visits VALUES ('USR5', 'LOC3', '2021-03-12 03:49:44');
INSERT INTO leaves VALUES ('USR5', 'LOC3', '2021-03-12 06:45:44');

INSERT INTO visits VALUES ('USR124', 'LOC0', '2021-03-17 23:45:42');
INSERT INTO leaves VALUES ('USR124', 'LOC0', '2021-03-17 00:35:42');

INSERT INTO visits VALUES ('USR78', 'LOC0', '2021-03-12 11:01:28');
INSERT INTO leaves VALUES ('USR78', 'LOC0', '2021-03-12 12:49:28');

INSERT INTO visits VALUES ('USR144', 'LOC3', '2021-03-09 20:35:06');
INSERT INTO leaves VALUES ('USR144', 'LOC3', '2021-03-09 21:05:06');

INSERT INTO visits VALUES ('USR43', 'LOC0', '2021-03-03 21:34:28');
INSERT INTO leaves VALUES ('USR43', 'LOC0', '2021-03-03 22:07:28');

INSERT INTO visits VALUES ('USR83', 'LOC0', '2021-03-02 15:29:28');
INSERT INTO leaves VALUES ('USR83', 'LOC0', '2021-03-02 18:16:28');

INSERT INTO visits VALUES ('USR94', 'LOC0', '2021-03-03 03:34:50');
INSERT INTO leaves VALUES ('USR94', 'LOC0', '2021-03-03 04:23:50');

INSERT INTO visits VALUES ('USR19', 'LOC0', '2021-03-08 05:49:39');
INSERT INTO leaves VALUES ('USR19', 'LOC0', '2021-03-08 07:27:39');

INSERT INTO visits VALUES ('USR70', 'LOC0', '2021-03-16 23:35:32');
INSERT INTO leaves VALUES ('USR70', 'LOC0', '2021-03-16 01:49:32');

INSERT INTO visits VALUES ('USR77', 'LOC1', '2021-03-16 04:30:34');
INSERT INTO leaves VALUES ('USR77', 'LOC1', '2021-03-16 05:03:34');

INSERT INTO visits VALUES ('USR111', 'LOC0', '2021-03-11 21:54:23');
INSERT INTO leaves VALUES ('USR111', 'LOC0', '2021-03-11 22:43:23');

INSERT INTO visits VALUES ('USR107', 'LOC1', '2021-03-02 19:35:02');
INSERT INTO leaves VALUES ('USR107', 'LOC1', '2021-03-02 21:08:02');

INSERT INTO visits VALUES ('USR178', 'LOC0', '2021-03-16 04:03:12');
INSERT INTO leaves VALUES ('USR178', 'LOC0', '2021-03-16 06:35:12');

INSERT INTO visits VALUES ('USR199', 'LOC0', '2021-03-16 10:16:09');
INSERT INTO leaves VALUES ('USR199', 'LOC0', '2021-03-16 11:46:09');

INSERT INTO visits VALUES ('USR97', 'LOC3', '2021-03-01 13:21:01');
INSERT INTO leaves VALUES ('USR97', 'LOC3', '2021-03-01 15:30:01');

INSERT INTO visits VALUES ('USR123', 'LOC0', '2021-03-13 07:41:44');
INSERT INTO leaves VALUES ('USR123', 'LOC0', '2021-03-13 08:38:44');

INSERT INTO visits VALUES ('USR150', 'LOC0', '2021-03-15 03:06:25');
INSERT INTO leaves VALUES ('USR150', 'LOC0', '2021-03-15 04:50:25');

INSERT INTO visits VALUES ('USR32', 'LOC3', '2021-03-06 03:03:03');
INSERT INTO leaves VALUES ('USR32', 'LOC3', '2021-03-06 04:17:03');

INSERT INTO visits VALUES ('USR32', 'LOC0', '2021-03-14 23:52:37');
INSERT INTO leaves VALUES ('USR32', 'LOC0', '2021-03-14 02:39:37');

INSERT INTO visits VALUES ('USR86', 'LOC2', '2021-03-01 13:32:10');
INSERT INTO leaves VALUES ('USR86', 'LOC2', '2021-03-01 14:11:10');

INSERT INTO visits VALUES ('USR19', 'LOC1', '2021-03-15 05:12:02');
INSERT INTO leaves VALUES ('USR19', 'LOC1', '2021-03-15 07:10:02');

INSERT INTO visits VALUES ('USR86', 'LOC2', '2021-03-06 19:29:27');
INSERT INTO leaves VALUES ('USR86', 'LOC2', '2021-03-06 19:48:27');

INSERT INTO visits VALUES ('USR51', 'LOC1', '2021-03-10 14:57:13');
INSERT INTO leaves VALUES ('USR51', 'LOC1', '2021-03-10 17:25:13');

INSERT INTO visits VALUES ('USR197', 'LOC3', '2021-03-14 05:03:04');
INSERT INTO leaves VALUES ('USR197', 'LOC3', '2021-03-14 05:20:04');

INSERT INTO visits VALUES ('USR197', 'LOC0', '2021-03-09 10:55:58');
INSERT INTO leaves VALUES ('USR197', 'LOC0', '2021-03-09 12:10:58');

INSERT INTO visits VALUES ('USR172', 'LOC3', '2021-03-06 06:09:11');
INSERT INTO leaves VALUES ('USR172', 'LOC3', '2021-03-06 09:02:11');

INSERT INTO visits VALUES ('USR104', 'LOC3', '2021-03-01 21:46:54');
INSERT INTO leaves VALUES ('USR104', 'LOC3', '2021-03-01 23:47:54');

INSERT INTO visits VALUES ('USR34', 'LOC2', '2021-03-08 22:00:20');
INSERT INTO leaves VALUES ('USR34', 'LOC2', '2021-03-08 22:58:20');

INSERT INTO visits VALUES ('USR174', 'LOC2', '2021-03-02 14:09:19');
INSERT INTO leaves VALUES ('USR174', 'LOC2', '2021-03-02 14:22:19');

INSERT INTO visits VALUES ('USR146', 'LOC3', '2021-03-07 02:34:41');
INSERT INTO leaves VALUES ('USR146', 'LOC3', '2021-03-07 03:09:41');

INSERT INTO visits VALUES ('USR162', 'LOC2', '2021-03-03 15:20:09');
INSERT INTO leaves VALUES ('USR162', 'LOC2', '2021-03-03 17:18:09');

INSERT INTO visits VALUES ('USR0', 'LOC1', '2021-03-05 19:11:00');
INSERT INTO leaves VALUES ('USR0', 'LOC1', '2021-03-05 19:24:00');

INSERT INTO visits VALUES ('USR109', 'LOC0', '2021-03-04 11:01:21');
INSERT INTO leaves VALUES ('USR109', 'LOC0', '2021-03-04 13:17:21');

INSERT INTO visits VALUES ('USR64', 'LOC3', '2021-03-12 03:32:51');
INSERT INTO leaves VALUES ('USR64', 'LOC3', '2021-03-12 04:13:51');

INSERT INTO visits VALUES ('USR167', 'LOC1', '2021-03-08 10:03:24');
INSERT INTO leaves VALUES ('USR167', 'LOC1', '2021-03-08 11:50:24');

INSERT INTO visits VALUES ('USR113', 'LOC2', '2021-03-03 07:01:33');
INSERT INTO leaves VALUES ('USR113', 'LOC2', '2021-03-03 09:53:33');

INSERT INTO visits VALUES ('USR28', 'LOC3', '2021-03-02 20:32:54');
INSERT INTO leaves VALUES ('USR28', 'LOC3', '2021-03-02 20:59:54');

INSERT INTO visits VALUES ('USR110', 'LOC2', '2021-03-08 22:06:31');
INSERT INTO leaves VALUES ('USR110', 'LOC2', '2021-03-08 00:05:31');

INSERT INTO visits VALUES ('USR155', 'LOC0', '2021-03-03 07:00:26');
INSERT INTO leaves VALUES ('USR155', 'LOC0', '2021-03-03 07:20:26');

INSERT INTO visits VALUES ('USR109', 'LOC2', '2021-03-13 14:27:32');
INSERT INTO leaves VALUES ('USR109', 'LOC2', '2021-03-13 15:16:32');

INSERT INTO visits VALUES ('USR177', 'LOC0', '2021-03-03 06:34:54');
INSERT INTO leaves VALUES ('USR177', 'LOC0', '2021-03-03 07:19:54');

INSERT INTO visits VALUES ('USR98', 'LOC2', '2021-03-04 07:09:35');
INSERT INTO leaves VALUES ('USR98', 'LOC2', '2021-03-04 08:47:35');

INSERT INTO visits VALUES ('USR170', 'LOC2', '2021-03-12 22:57:08');
INSERT INTO leaves VALUES ('USR170', 'LOC2', '2021-03-12 00:21:08');

INSERT INTO visits VALUES ('USR17', 'LOC2', '2021-03-03 01:42:06');
INSERT INTO leaves VALUES ('USR17', 'LOC2', '2021-03-03 02:30:06');

INSERT INTO visits VALUES ('USR157', 'LOC3', '2021-03-08 22:00:03');
INSERT INTO leaves VALUES ('USR157', 'LOC3', '2021-03-08 22:14:03');

INSERT INTO visits VALUES ('USR84', 'LOC1', '2021-03-14 10:23:31');
INSERT INTO leaves VALUES ('USR84', 'LOC1', '2021-03-14 11:06:31');

INSERT INTO visits VALUES ('USR120', 'LOC2', '2021-03-14 09:14:45');
INSERT INTO leaves VALUES ('USR120', 'LOC2', '2021-03-14 10:26:45');

INSERT INTO visits VALUES ('USR84', 'LOC2', '2021-03-15 08:10:32');
INSERT INTO leaves VALUES ('USR84', 'LOC2', '2021-03-15 10:42:32');

INSERT INTO visits VALUES ('USR189', 'LOC2', '2021-03-04 12:17:21');
INSERT INTO leaves VALUES ('USR189', 'LOC2', '2021-03-04 14:59:21');

INSERT INTO visits VALUES ('USR64', 'LOC2', '2021-03-16 03:46:34');
INSERT INTO leaves VALUES ('USR64', 'LOC2', '2021-03-16 05:08:34');

INSERT INTO visits VALUES ('USR152', 'LOC3', '2021-03-16 06:29:36');
INSERT INTO leaves VALUES ('USR152', 'LOC3', '2021-03-16 08:00:36');

INSERT INTO visits VALUES ('USR59', 'LOC1', '2021-03-16 00:34:44');
INSERT INTO leaves VALUES ('USR59', 'LOC1', '2021-03-16 02:14:44');

INSERT INTO visits VALUES ('USR108', 'LOC2', '2021-03-04 00:27:27');
INSERT INTO leaves VALUES ('USR108', 'LOC2', '2021-03-04 02:37:27');

INSERT INTO visits VALUES ('USR5', 'LOC1', '2021-03-10 18:40:25');
INSERT INTO leaves VALUES ('USR5', 'LOC1', '2021-03-10 20:15:25');

INSERT INTO visits VALUES ('USR71', 'LOC0', '2021-03-16 21:50:33');
INSERT INTO leaves VALUES ('USR71', 'LOC0', '2021-03-16 22:08:33');

INSERT INTO visits VALUES ('USR138', 'LOC1', '2021-03-04 07:07:51');
INSERT INTO leaves VALUES ('USR138', 'LOC1', '2021-03-04 08:01:51');

INSERT INTO visits VALUES ('USR166', 'LOC1', '2021-03-01 09:04:48');
INSERT INTO leaves VALUES ('USR166', 'LOC1', '2021-03-01 11:29:48');

INSERT INTO visits VALUES ('USR10', 'LOC2', '2021-03-02 15:04:13');
INSERT INTO leaves VALUES ('USR10', 'LOC2', '2021-03-02 15:44:13');

INSERT INTO visits VALUES ('USR129', 'LOC1', '2021-03-10 20:57:07');
INSERT INTO leaves VALUES ('USR129', 'LOC1', '2021-03-10 23:20:07');

INSERT INTO visits VALUES ('USR33', 'LOC1', '2021-03-05 23:50:09');
INSERT INTO leaves VALUES ('USR33', 'LOC1', '2021-03-05 02:46:09');

INSERT INTO visits VALUES ('USR130', 'LOC1', '2021-03-16 12:59:06');
INSERT INTO leaves VALUES ('USR130', 'LOC1', '2021-03-16 13:44:06');

INSERT INTO visits VALUES ('USR58', 'LOC3', '2021-03-18 08:14:05');
INSERT INTO leaves VALUES ('USR58', 'LOC3', '2021-03-18 10:07:05');

INSERT INTO visits VALUES ('USR6', 'LOC0', '2021-03-16 15:24:18');
INSERT INTO leaves VALUES ('USR6', 'LOC0', '2021-03-16 17:04:18');

INSERT INTO visits VALUES ('USR114', 'LOC1', '2021-03-09 13:16:09');
INSERT INTO leaves VALUES ('USR114', 'LOC1', '2021-03-09 15:42:09');

INSERT INTO visits VALUES ('USR35', 'LOC0', '2021-03-04 21:21:00');
INSERT INTO leaves VALUES ('USR35', 'LOC0', '2021-03-04 23:21:00');

INSERT INTO visits VALUES ('USR105', 'LOC1', '2021-03-10 08:55:48');
INSERT INTO leaves VALUES ('USR105', 'LOC1', '2021-03-10 10:31:48');

INSERT INTO visits VALUES ('USR196', 'LOC2', '2021-03-17 19:56:25');
INSERT INTO leaves VALUES ('USR196', 'LOC2', '2021-03-17 20:48:25');

INSERT INTO visits VALUES ('USR176', 'LOC1', '2021-03-03 09:52:52');
INSERT INTO leaves VALUES ('USR176', 'LOC1', '2021-03-03 11:48:52');

INSERT INTO visits VALUES ('USR122', 'LOC0', '2021-03-18 00:31:41');
INSERT INTO leaves VALUES ('USR122', 'LOC0', '2021-03-18 02:06:41');

INSERT INTO visits VALUES ('USR146', 'LOC1', '2021-03-11 03:33:17');
INSERT INTO leaves VALUES ('USR146', 'LOC1', '2021-03-11 04:14:17');

INSERT INTO visits VALUES ('USR112', 'LOC3', '2021-03-07 17:53:45');
INSERT INTO leaves VALUES ('USR112', 'LOC3', '2021-03-07 18:46:45');

INSERT INTO visits VALUES ('USR23', 'LOC1', '2021-03-05 05:45:31');
INSERT INTO leaves VALUES ('USR23', 'LOC1', '2021-03-05 08:14:31');

INSERT INTO visits VALUES ('USR158', 'LOC2', '2021-03-10 14:58:33');
INSERT INTO leaves VALUES ('USR158', 'LOC2', '2021-03-10 16:08:33');

INSERT INTO visits VALUES ('USR113', 'LOC1', '2021-03-09 01:55:10');
INSERT INTO leaves VALUES ('USR113', 'LOC1', '2021-03-09 03:36:10');

INSERT INTO visits VALUES ('USR2', 'LOC2', '2021-03-11 23:54:59');
INSERT INTO leaves VALUES ('USR2', 'LOC2', '2021-03-11 00:34:59');

INSERT INTO visits VALUES ('USR174', 'LOC2', '2021-03-11 09:18:39');
INSERT INTO leaves VALUES ('USR174', 'LOC2', '2021-03-11 10:57:39');

INSERT INTO visits VALUES ('USR43', 'LOC2', '2021-03-13 03:01:40');
INSERT INTO leaves VALUES ('USR43', 'LOC2', '2021-03-13 04:33:40');

INSERT INTO visits VALUES ('USR16', 'LOC2', '2021-03-17 21:15:23');
INSERT INTO leaves VALUES ('USR16', 'LOC2', '2021-03-17 23:36:23');

INSERT INTO visits VALUES ('USR32', 'LOC1', '2021-03-08 20:14:36');
INSERT INTO leaves VALUES ('USR32', 'LOC1', '2021-03-08 21:06:36');

INSERT INTO visits VALUES ('USR183', 'LOC1', '2021-03-12 09:27:54');
INSERT INTO leaves VALUES ('USR183', 'LOC1', '2021-03-12 11:49:54');

INSERT INTO visits VALUES ('USR132', 'LOC3', '2021-03-10 23:25:50');
INSERT INTO leaves VALUES ('USR132', 'LOC3', '2021-03-10 00:56:50');

INSERT INTO visits VALUES ('USR99', 'LOC0', '2021-03-05 04:18:47');
INSERT INTO leaves VALUES ('USR99', 'LOC0', '2021-03-05 04:31:47');

INSERT INTO visits VALUES ('USR79', 'LOC2', '2021-03-12 14:44:45');
INSERT INTO leaves VALUES ('USR79', 'LOC2', '2021-03-12 17:20:45');

INSERT INTO visits VALUES ('USR100', 'LOC1', '2021-03-10 16:17:46');
INSERT INTO leaves VALUES ('USR100', 'LOC1', '2021-03-10 18:27:46');

INSERT INTO visits VALUES ('USR137', 'LOC2', '2021-03-06 17:14:38');
INSERT INTO leaves VALUES ('USR137', 'LOC2', '2021-03-06 19:41:38');

INSERT INTO visits VALUES ('USR143', 'LOC2', '2021-03-07 19:12:54');
INSERT INTO leaves VALUES ('USR143', 'LOC2', '2021-03-07 19:40:54');

INSERT INTO visits VALUES ('USR168', 'LOC2', '2021-03-11 03:32:25');
INSERT INTO leaves VALUES ('USR168', 'LOC2', '2021-03-11 03:47:25');

INSERT INTO visits VALUES ('USR152', 'LOC0', '2021-03-04 23:28:28');
INSERT INTO leaves VALUES ('USR152', 'LOC0', '2021-03-04 23:46:28');

INSERT INTO visits VALUES ('USR194', 'LOC1', '2021-03-10 11:44:06');
INSERT INTO leaves VALUES ('USR194', 'LOC1', '2021-03-10 13:43:06');

INSERT INTO visits VALUES ('USR179', 'LOC1', '2021-03-03 18:25:00');
INSERT INTO leaves VALUES ('USR179', 'LOC1', '2021-03-03 19:51:00');

INSERT INTO visits VALUES ('USR169', 'LOC0', '2021-03-15 08:32:21');
INSERT INTO leaves VALUES ('USR169', 'LOC0', '2021-03-15 10:32:21');

INSERT INTO visits VALUES ('USR93', 'LOC3', '2021-03-03 19:23:14');
INSERT INTO leaves VALUES ('USR93', 'LOC3', '2021-03-03 19:51:14');

INSERT INTO visits VALUES ('USR43', 'LOC0', '2021-03-17 16:05:24');
INSERT INTO leaves VALUES ('USR43', 'LOC0', '2021-03-17 17:40:24');

INSERT INTO visits VALUES ('USR126', 'LOC0', '2021-03-07 05:01:04');
INSERT INTO leaves VALUES ('USR126', 'LOC0', '2021-03-07 07:32:04');

INSERT INTO visits VALUES ('USR167', 'LOC1', '2021-03-15 12:36:12');
INSERT INTO leaves VALUES ('USR167', 'LOC1', '2021-03-15 15:16:12');

INSERT INTO visits VALUES ('USR0', 'LOC3', '2021-03-15 23:02:47');
INSERT INTO leaves VALUES ('USR0', 'LOC3', '2021-03-15 23:55:47');

INSERT INTO visits VALUES ('USR121', 'LOC1', '2021-03-13 05:55:38');
INSERT INTO leaves VALUES ('USR121', 'LOC1', '2021-03-13 08:43:38');

INSERT INTO visits VALUES ('USR89', 'LOC2', '2021-03-03 16:41:19');
INSERT INTO leaves VALUES ('USR89', 'LOC2', '2021-03-03 17:27:19');

INSERT INTO visits VALUES ('USR105', 'LOC1', '2021-03-13 07:23:55');
INSERT INTO leaves VALUES ('USR105', 'LOC1', '2021-03-13 08:44:55');

INSERT INTO visits VALUES ('USR0', 'LOC0', '2021-03-02 04:22:59');
INSERT INTO leaves VALUES ('USR0', 'LOC0', '2021-03-02 04:48:59');

INSERT INTO visits VALUES ('USR103', 'LOC3', '2021-03-13 22:36:36');
INSERT INTO leaves VALUES ('USR103', 'LOC3', '2021-03-13 23:57:36');

INSERT INTO visits VALUES ('USR16', 'LOC0', '2021-03-15 15:02:34');
INSERT INTO leaves VALUES ('USR16', 'LOC0', '2021-03-15 15:48:34');

INSERT INTO visits VALUES ('USR42', 'LOC1', '2021-03-01 19:49:22');
INSERT INTO leaves VALUES ('USR42', 'LOC1', '2021-03-01 20:13:22');

INSERT INTO visits VALUES ('USR120', 'LOC0', '2021-03-15 22:07:26');
INSERT INTO leaves VALUES ('USR120', 'LOC0', '2021-03-15 23:17:26');

INSERT INTO visits VALUES ('USR116', 'LOC0', '2021-03-02 13:39:07');
INSERT INTO leaves VALUES ('USR116', 'LOC0', '2021-03-02 16:26:07');

INSERT INTO visits VALUES ('USR83', 'LOC3', '2021-03-14 10:39:39');
INSERT INTO leaves VALUES ('USR83', 'LOC3', '2021-03-14 10:51:39');

INSERT INTO visits VALUES ('USR41', 'LOC1', '2021-03-10 11:01:00');
INSERT INTO leaves VALUES ('USR41', 'LOC1', '2021-03-10 11:41:00');

INSERT INTO visits VALUES ('USR11', 'LOC0', '2021-03-14 15:12:27');
INSERT INTO leaves VALUES ('USR11', 'LOC0', '2021-03-14 18:05:27');

INSERT INTO visits VALUES ('USR10', 'LOC1', '2021-03-15 02:38:32');
INSERT INTO leaves VALUES ('USR10', 'LOC1', '2021-03-15 02:55:32');

INSERT INTO visits VALUES ('USR180', 'LOC1', '2021-03-17 23:54:52');
INSERT INTO leaves VALUES ('USR180', 'LOC1', '2021-03-17 01:42:52');

INSERT INTO visits VALUES ('USR22', 'LOC2', '2021-03-17 10:52:10');
INSERT INTO leaves VALUES ('USR22', 'LOC2', '2021-03-17 12:19:10');

INSERT INTO visits VALUES ('USR63', 'LOC0', '2021-03-01 14:36:23');
INSERT INTO leaves VALUES ('USR63', 'LOC0', '2021-03-01 16:17:23');

INSERT INTO visits VALUES ('USR147', 'LOC0', '2021-03-17 21:53:37');
INSERT INTO leaves VALUES ('USR147', 'LOC0', '2021-03-17 22:27:37');

INSERT INTO visits VALUES ('USR27', 'LOC2', '2021-03-11 07:07:08');
INSERT INTO leaves VALUES ('USR27', 'LOC2', '2021-03-11 07:31:08');

INSERT INTO visits VALUES ('USR126', 'LOC0', '2021-03-18 06:14:29');
INSERT INTO leaves VALUES ('USR126', 'LOC0', '2021-03-18 07:40:29');

INSERT INTO visits VALUES ('USR77', 'LOC3', '2021-03-02 14:34:07');
INSERT INTO leaves VALUES ('USR77', 'LOC3', '2021-03-02 17:14:07');

INSERT INTO visits VALUES ('USR14', 'LOC2', '2021-03-08 13:15:19');
INSERT INTO leaves VALUES ('USR14', 'LOC2', '2021-03-08 15:39:19');

INSERT INTO visits VALUES ('USR164', 'LOC3', '2021-03-16 09:33:16');
INSERT INTO leaves VALUES ('USR164', 'LOC3', '2021-03-16 09:53:16');

INSERT INTO visits VALUES ('USR107', 'LOC2', '2021-03-16 23:50:13');
INSERT INTO leaves VALUES ('USR107', 'LOC2', '2021-03-16 00:07:13');

